<?xml version="1.0" encoding="UTF-8"?>
<project-private xmlns="http://www.netbeans.org/ns/project-private/1">
    <editor-bookmarks xmlns="http://www.netbeans.org/ns/editor-bookmarks/2" lastBookmarkId="0"/>
    <open-files xmlns="http://www.netbeans.org/ns/projectui-open-files/2">
        <group>
            <file>file:/C:/Users/Administrator/Documents/NetBeansProjects/Gym%20Management%20System/src/Main/Main.java</file>
            <file>file:/C:/Users/Administrator/Documents/NetBeansProjects/Gym%20Management%20System/src/Admin/Attendance.java</file>
            <file>file:/C:/Users/Administrator/Documents/NetBeansProjects/Gym%20Management%20System/src/Admin/Dashboard.java</file>
            <file>file:/C:/Users/Administrator/Documents/NetBeansProjects/Gym%20Management%20System/src/User/userHOME.java</file>
            <file>file:/C:/Users/Administrator/Documents/NetBeansProjects/Gym%20Management%20System/src/User/CheckinandOutKiosk.java</file>
        </group>
    </open-files>
</project-private>
